ts,iso,energy_mj,power_mw,util_gpu,mem_used_mib,sm_clock_mhz,temp_c
1784971120.2433,17:18:40,3113059925325,22529,0,24039,210,32
1784971120.4433,17:18:40,3113059928732,22529,0,24039,210,32
1784971120.6433,17:18:40,3113059932109,22529,0,24039,210,32
1784971120.8433,17:18:40,3113059935498,22529,0,24039,210,32
1784971121.0434,17:18:41,3113059938909,22623,0,24039,210,32
1784971121.2433,17:18:41,3113059942295,22623,0,24039,210,32
1784971121.4433,17:18:41,3113059945667,22623,0,24039,210,32
1784971121.6433,17:18:41,3113059949033,22623,0,24039,210,32
1784971121.8433,17:18:41,3113059952390,22623,0,24039,210,32
1784971122.0434,17:18:42,3113059955753,22638,0,24039,210,32
1784971122.2433,17:18:42,3113059959132,22638,0,24039,210,32
1784971122.4433,17:18:42,3113059962496,22638,0,24039,210,32
1784971122.6433,17:18:42,3113059965888,22638,0,24039,210,32
1784971122.8433,17:18:42,3113059969280,22638,0,24039,210,32
1784971123.0434,17:18:43,3113059972662,22615,0,24039,210,32
1784971123.2434,17:18:43,3113059976060,22615,0,24039,210,32
1784971123.4433,17:18:43,3113059979443,22615,0,24039,210,32
1784971123.6433,17:18:43,3113059982799,22615,0,24039,210,32
1784971123.8433,17:18:43,3113059986175,22615,0,24039,210,32
1784971124.0433,17:18:44,3113059989553,22623,0,24039,210,32
1784971124.2433,17:18:44,3113059992901,22623,0,24039,210,32
1784971124.4433,17:18:44,3113059996245,22623,0,24039,210,32
1784971124.6433,17:18:44,3113059999590,22623,0,24039,210,32
1784971124.8433,17:18:44,3113060002921,22623,0,24039,210,32
1784971125.0434,17:18:45,3113060006267,22631,0,24039,210,32
1784971125.2433,17:18:45,3113060009594,22631,0,24039,210,32
1784971125.4434,17:18:45,3113060012985,22631,0,24039,210,32
1784971125.6434,17:18:45,3113060016325,22631,0,24039,210,32
1784971125.8433,17:18:45,3113060019688,22631,0,24039,210,32
1784971126.0433,17:18:46,3113060023093,22607,0,24039,210,32
1784971126.2433,17:18:46,3113060026497,22607,0,24039,210,32
1784971126.4433,17:18:46,3113060029854,22607,0,24039,210,32
1784971126.6433,17:18:46,3113060033224,22607,0,24039,210,32
1784971126.8433,17:18:46,3113060036594,22607,0,24039,210,32
1784971127.0433,17:18:47,3113060039974,22682,0,24039,210,32
1784971127.2433,17:18:47,3113060043322,22682,0,24039,210,32
1784971127.4434,17:18:47,3113060046654,22682,0,24039,210,32
1784971127.6434,17:18:47,3113060049990,22682,0,24039,210,32
1784971127.8433,17:18:47,3113060053325,22682,0,24039,210,32
1784971128.0433,17:18:48,3113060056631,22662,0,24039,210,32
1784971128.2433,17:18:48,3113060059933,22662,0,24039,210,32
1784971128.4433,17:18:48,3113060063294,22662,0,24039,210,32
1784971128.6433,17:18:48,3113060066615,22662,0,24039,210,32
1784971128.8433,17:18:48,3113060069919,22662,0,24039,210,32
1784971129.0433,17:18:49,3113060073251,22557,0,24039,210,31
1784971129.2433,17:18:49,3113060076588,22557,0,24039,210,31
1784971129.4433,17:18:49,3113060079947,22557,0,24039,210,31
1784971129.6433,17:18:49,3113060083318,22557,0,24039,210,31
1784971129.8433,17:18:49,3113060086684,22557,0,24039,210,31
1784971130.0433,17:18:50,3113060090033,22604,0,24039,210,31
1784971130.2433,17:18:50,3113060093357,22604,0,24039,210,31
1784971130.4433,17:18:50,3113060096660,22604,0,24039,210,31
1784971130.6433,17:18:50,3113060099983,22604,0,24039,210,31
1784971130.8433,17:18:50,3113060103320,22604,0,24039,210,31
1784971131.0433,17:18:51,3113060106656,22664,0,24039,210,31
1784971131.2433,17:18:51,3113060109962,22664,0,24039,210,31
1784971131.4433,17:18:51,3113060113264,22664,0,24039,210,31
1784971131.6433,17:18:51,3113060116594,22664,0,24039,210,31
1784971131.8433,17:18:51,3113060119895,22664,0,24039,210,31
1784971132.0433,17:18:52,3113060123214,22660,0,24039,210,31
1784971132.2433,17:18:52,3113060126496,22660,0,24039,210,31
1784971132.4433,17:18:52,3113060129817,22660,0,24039,210,31
1784971132.6433,17:18:52,3113060133121,22660,0,24039,210,31
1784971132.8433,17:18:52,3113060136466,22660,0,24039,210,31
1784971133.0434,17:18:53,3113060139751,22629,0,24039,210,31
1784971133.2433,17:18:53,3113060143054,22629,0,24039,210,31
1784971133.4433,17:18:53,3113060146356,22629,0,24039,210,31
1784971133.6433,17:18:53,3113060149674,22629,0,24039,210,31
1784971133.8433,17:18:53,3113060152497,22629,0,24039,210,31
1784971134.0433,17:18:54,3113060155816,22622,0,24039,210,31
1784971134.2433,17:18:54,3113060159118,22622,0,24039,210,31
1784971134.4433,17:18:54,3113060162442,22622,0,24039,210,31
1784971134.6433,17:18:54,3113060165728,22622,0,24039,210,31
1784971134.8433,17:18:54,3113060169033,22622,0,24039,210,31
1784971135.0433,17:18:55,3113060172335,22653,0,24039,210,31
1784971135.2433,17:18:55,3113060175634,22653,0,24039,210,31
1784971135.4433,17:18:55,3113060178904,22653,0,24039,210,31
1784971135.6433,17:18:55,3113060182174,22653,0,24039,210,31
1784971135.8433,17:18:55,3113060185254,22653,0,24039,210,31
1784971136.0433,17:18:56,3113060188488,22645,0,24039,210,31
1784971136.2433,17:18:56,3113060191737,22645,0,24039,210,31
1784971136.4433,17:18:56,3113060194975,22645,0,24039,210,31
1784971136.6433,17:18:56,3113060198229,22645,0,24039,210,31
1784971136.8433,17:18:56,3113060201504,22645,0,24039,210,31
1784971137.0433,17:18:57,3113060204726,22493,0,24039,210,31
1784971137.2433,17:18:57,3113060207969,22493,0,24039,210,31
1784971137.4433,17:18:57,3113060211210,22493,0,24039,210,31
1784971137.6433,17:18:57,3113060214452,22493,0,24039,210,31
1784971137.8433,17:18:57,3113060217692,22493,0,24039,210,31
1784971138.0433,17:18:58,3113060220953,22364,0,24039,210,31
1784971138.2433,17:18:58,3113060224198,22364,0,24039,210,31
1784971138.4433,17:18:58,3113060227450,22364,0,24039,210,31
1784971138.6433,17:18:58,3113060230686,22364,0,24039,210,31
1784971138.8433,17:18:58,3113060233894,22364,0,24039,210,31
1784971139.0433,17:18:59,3113060237129,22397,0,24039,210,31
1784971139.2433,17:18:59,3113060240369,22397,0,24039,210,31
1784971139.4433,17:18:59,3113060243577,22397,0,24039,210,31
1784971139.6433,17:18:59,3113060246806,22397,0,24039,210,31
1784971139.8433,17:18:59,3113060250062,22397,0,24039,210,31
1784971140.0433,17:19:00,3113060253336,22379,0,24039,210,31
1784971140.2433,17:19:00,3113060256630,22379,0,24039,210,31
1784971140.4433,17:19:00,3113060259899,22379,0,24039,210,31
1784971140.6433,17:19:00,3113060263147,22379,0,24039,210,31
1784971140.8433,17:19:00,3113060266426,22379,0,24039,210,31
1784971141.0433,17:19:01,3113060269674,22467,0,24039,210,31
1784971141.2433,17:19:01,3113060272900,22467,0,24039,210,31
1784971141.4433,17:19:01,3113060276143,22467,0,24039,210,31
1784971141.6433,17:19:01,3113060279411,22467,0,24039,210,31
1784971141.8433,17:19:01,3113060282686,22467,0,24039,210,31
1784971142.0433,17:19:02,3113060285975,22610,0,24039,210,31
1784971142.2433,17:19:02,3113060289193,22610,0,24039,210,31
1784971142.4433,17:19:02,3113060292428,22610,0,24039,210,31
1784971142.6433,17:19:02,3113060295701,22610,0,24039,210,31
1784971142.8433,17:19:02,3113060298985,22610,0,24039,210,31
1784971143.0433,17:19:03,3113060302227,22638,0,24039,210,31
1784971143.2433,17:19:03,3113060305455,22638,0,24039,210,31
1784971143.4433,17:19:03,3113060308735,22638,0,24039,210,31
1784971143.6434,17:19:03,3113060312010,22638,0,24039,210,31
1784971143.8433,17:19:03,3113060315312,22638,0,24039,210,31
1784971144.0433,17:19:04,3113060318588,22690,0,24039,210,31
1784971144.2433,17:19:04,3113060321865,22690,0,24039,210,31
1784971144.4433,17:19:04,3113060325098,22690,0,24039,210,31
1784971144.6433,17:19:04,3113060328332,22690,0,24039,210,31
1784971144.8433,17:19:04,3113060331594,22690,0,24039,210,31
1784971145.0433,17:19:05,3113060334815,22737,0,24039,210,31
1784971145.2433,17:19:05,3113060338016,22737,0,24039,210,31
1784971145.4433,17:19:05,3113060341253,22737,0,24039,210,31
1784971145.6433,17:19:05,3113060344456,22737,0,24039,210,31
1784971145.8433,17:19:05,3113060347692,22737,0,24039,210,31
1784971146.0433,17:19:06,3113060350881,22687,0,24039,210,31
1784971146.2433,17:19:06,3113060354064,22687,0,24039,210,31
1784971146.4433,17:19:06,3113060357278,22687,0,24039,210,31
1784971146.6433,17:19:06,3113060360501,22687,0,24039,210,31
1784971146.8433,17:19:06,3113060363770,22687,0,24039,210,31
1784971147.0433,17:19:07,3113060367007,22538,0,24039,210,30
1784971147.2433,17:19:07,3113060370215,22538,0,24039,210,30
1784971147.4434,17:19:07,3113060373443,22538,0,24039,210,30
1784971147.6433,17:19:07,3113060376653,22538,0,24039,210,30
1784971147.8433,17:19:07,3113060379848,22538,0,24039,210,30
1784971148.0433,17:19:08,3113060383028,22547,0,24039,210,30
1784971148.2433,17:19:08,3113060386227,22547,0,24039,210,30
1784971148.4433,17:19:08,3113060389448,22547,0,24039,210,30
1784971148.6433,17:19:08,3113060392630,22547,0,24039,210,30
1784971148.8433,17:19:08,3113060395851,22547,0,24039,210,30
1784971149.0434,17:19:09,3113060399049,22571,0,24039,210,30
1784971149.2433,17:19:09,3113060402235,22571,0,24039,210,30
1784971149.4433,17:19:09,3113060405452,22571,0,24039,210,30
1784971149.6433,17:19:09,3113060408669,22571,0,24039,210,30
1784971149.8433,17:19:09,3113060411874,22571,0,24039,210,30
1784971150.0433,17:19:10,3113060415085,22586,0,24039,210,30
1784971150.2433,17:19:10,3113060418273,22586,0,24039,210,30
1784971150.4434,17:19:10,3113060421441,22586,0,24039,210,30
1784971150.6433,17:19:10,3113060424624,22586,0,24039,210,30
1784971150.8433,17:19:10,3113060427826,22586,0,24039,210,30
1784971151.0433,17:19:11,3113060431006,22595,0,24039,210,30
1784971151.2434,17:19:11,3113060434204,22595,0,24039,210,30
1784971151.4433,17:19:11,3113060437417,22595,0,24039,210,30
1784971151.6433,17:19:11,3113060440582,22595,0,24039,210,30
1784971151.8433,17:19:11,3113060443771,22595,0,24039,210,30
1784971152.0433,17:19:12,3113060446938,22550,0,24039,210,30
1784971152.2433,17:19:12,3113060450109,22550,0,24039,210,30
1784971152.4434,17:19:12,3113060453318,22550,0,24039,210,30
1784971152.6433,17:19:12,3113060456490,22550,0,24039,210,30
1784971152.8433,17:19:12,3113060459664,22550,0,24039,210,30
1784971153.0433,17:19:13,3113060462829,22606,0,24039,210,30
1784971153.2433,17:19:13,3113060466005,22606,0,24039,210,30
1784971153.4434,17:19:13,3113060469209,22606,0,24039,210,30
1784971153.6433,17:19:13,3113060472395,22606,0,24039,210,30
1784971153.8434,17:19:13,3113060475570,22606,0,24039,210,30
1784971154.0434,17:19:14,3113060478737,22611,0,24039,210,30
1784971154.2433,17:19:14,3113060481889,22611,0,24039,210,30
1784971154.4433,17:19:14,3113060485014,22611,0,24039,210,30
1784971154.6433,17:19:14,3113060488155,22611,0,24039,210,30
1784971154.8433,17:19:14,3113060491307,22611,0,24039,210,30
1784971155.0434,17:19:15,3113060494431,22506,0,24039,210,30
1784971155.2433,17:19:15,3113060497558,22506,0,24039,210,30
1784971155.4433,17:19:15,3113060500190,22506,0,24039,210,30
1784971155.6433,17:19:15,3113060503322,22506,0,24039,210,30
1784971155.8433,17:19:15,3113060506472,22506,0,24039,210,30
1784971156.0433,17:19:16,3113060509601,22392,0,24039,210,30
1784971156.2433,17:19:16,3113060512748,22392,0,24039,210,30
1784971156.4433,17:19:16,3113060515853,22392,0,24039,210,30
1784971156.6433,17:19:16,3113060518984,22392,0,24039,210,30
1784971156.8433,17:19:16,3113060522122,22392,0,24039,210,30
1784971157.0433,17:19:17,3113060525259,22407,0,24039,210,30
1784971157.2433,17:19:17,3113060528408,22407,0,24039,210,30
1784971157.4433,17:19:17,3113060531561,22407,0,24039,210,30
1784971157.6433,17:19:17,3113060534727,22407,0,24039,210,30
1784971157.8433,17:19:17,3113060537911,22407,0,24039,210,30
1784971158.0433,17:19:18,3113060541066,22541,0,24039,210,30
1784971158.2433,17:19:18,3113060544233,22541,0,24039,210,30
1784971158.4433,17:19:18,3113060547402,22541,0,24039,210,30
1784971158.6433,17:19:18,3113060550568,22541,0,24039,210,30
1784971158.8433,17:19:18,3113060553770,22541,0,24039,210,30
1784971159.0433,17:19:19,3113060556921,22684,0,24039,210,30
1784971159.2433,17:19:19,3113060560044,22684,0,24039,210,30
1784971159.4433,17:19:19,3113060563156,22684,0,24039,210,30
1784971159.6434,17:19:19,3113060566258,22684,0,24039,210,30
1784971159.8433,17:19:19,3113060569435,22684,0,24039,210,30
1784971160.0433,17:19:20,3113060572553,22630,0,24039,210,30
1784971160.2433,17:19:20,3113060575636,22630,0,24039,210,30
1784971160.4433,17:19:20,3113060578746,22630,0,24039,210,30
1784971160.6433,17:19:20,3113060581857,22630,0,24039,210,30
1784971160.8434,17:19:20,3113060584936,22630,0,24039,210,30
1784971161.0433,17:19:21,3113060588036,22560,0,24039,210,30
1784971161.2433,17:19:21,3113060591121,22560,0,24039,210,30
1784971161.4434,17:19:21,3113060594194,22560,0,24039,210,30
1784971161.6433,17:19:21,3113060597265,22560,0,24039,210,30
1784971161.8434,17:19:21,3113060600381,22560,0,24039,210,30
1784971162.0433,17:19:22,3113060603494,22420,0,24039,210,30
1784971162.2434,17:19:22,3113060606596,22420,0,24039,210,30
1784971162.4434,17:19:22,3113060609661,22420,0,24039,210,30
1784971162.6433,17:19:22,3113060612749,22420,0,24039,210,30
1784971162.8433,17:19:22,3113060615864,22420,0,24039,210,30
1784971163.0433,17:19:23,3113060618923,22338,0,24039,210,30
1784971163.2433,17:19:23,3113060621983,22338,0,24039,210,30
1784971163.4433,17:19:23,3113060625063,22338,0,24039,210,30
1784971163.6433,17:19:23,3113060628169,22338,0,24039,210,30
1784971163.8433,17:19:23,3113060631245,22338,0,24039,210,30
1784971164.0433,17:19:24,3113060634343,22377,0,24039,210,30
1784971164.2433,17:19:24,3113060637396,22377,0,24039,210,30
1784971164.4433,17:19:24,3113060640466,22377,0,24039,210,30
1784971164.6433,17:19:24,3113060643549,22377,0,24039,210,30
1784971164.8433,17:19:24,3113060646630,22377,0,24039,210,30
1784971165.0433,17:19:25,3113060649695,22336,0,24039,210,30
1784971165.2433,17:19:25,3113060652738,22336,0,24039,210,30
1784971165.4433,17:19:25,3113060655812,22336,0,24039,210,30
1784971165.6433,17:19:25,3113060658896,22336,0,24039,210,30
1784971165.8433,17:19:25,3113060661987,22336,0,24039,210,30
1784971166.0433,17:19:26,3113060665033,22357,0,24039,210,30
1784971166.2434,17:19:26,3113060668114,22357,0,24039,210,30
1784971166.4433,17:19:26,3113060671184,22357,0,24039,210,30
1784971166.6433,17:19:26,3113060674253,22357,0,24039,210,30
1784971166.8433,17:19:26,3113060677348,22357,0,24039,210,30
1784971167.0434,17:19:27,3113060680466,22402,0,24039,210,30
1784971167.2433,17:19:27,3113060683550,22402,0,24039,210,30
1784971167.4433,17:19:27,3113060686642,22402,0,24039,210,30
1784971167.6433,17:19:27,3113060689767,22402,0,24039,210,30
1784971167.8433,17:19:27,3113060692870,22402,0,24039,210,30
1784971168.0433,17:19:28,3113060695982,22536,0,24039,210,30
1784971168.2434,17:19:28,3113060699069,22536,0,24039,210,30
1784971168.4433,17:19:28,3113060702107,22536,0,24039,210,30
1784971168.6434,17:19:28,3113060705183,22536,0,24039,210,30
1784971168.8434,17:19:28,3113060708247,22536,0,24039,210,30
1784971169.0433,17:19:29,3113060711298,22605,0,24039,210,30
1784971169.2433,17:19:29,3113060714360,22605,0,24039,210,30
1784971169.4433,17:19:29,3113060717415,22605,0,24039,210,30
1784971169.6434,17:19:29,3113060720456,22605,0,24039,210,30
1784971169.8433,17:19:29,3113060723518,22605,0,24039,210,30
1784971170.0433,17:19:30,3113060726590,22490,0,24039,210,30
1784971170.2433,17:19:30,3113060729647,22490,0,24039,210,30
1784971170.4433,17:19:30,3113060732697,22490,0,24039,210,30
1784971170.6433,17:19:30,3113060735789,22490,0,24039,210,30
1784971170.8433,17:19:30,3113060738854,22490,0,24039,210,30
1784971171.0434,17:19:31,3113060741935,22535,0,24039,210,30
1784971171.2433,17:19:31,3113060745032,22535,0,24039,210,30
1784971171.4434,17:19:31,3113060791957,32667,92,24039,2520,35
1784971171.6433,17:19:31,3113060885400,32667,92,24039,2520,35
1784971171.8433,17:19:31,3113060971498,32667,92,24039,2520,35
1784971172.0433,17:19:32,3113061063517,212219,92,24039,2625,55
1784971172.2434,17:19:32,3113061154723,212219,92,24039,2625,55
1784971172.4434,17:19:32,3113061238591,440640,100,24039,2535,55
1784971172.6434,17:19:32,3113061320231,440640,100,24039,2535,55
1784971172.8433,17:19:32,3113061385611,440640,100,24039,2535,55
1784971173.0433,17:19:33,3113061456051,433404,100,24039,2775,47
1784971173.2433,17:19:33,3113061518423,433404,100,24039,2775,47
1784971173.4433,17:19:33,3113061583921,374890,100,24039,2775,46
1784971173.6434,17:19:33,3113061649352,374890,100,24039,2775,46
1784971173.8433,17:19:33,3113061714696,374890,100,24039,2775,46
1784971174.0433,17:19:34,3113061780055,343526,100,24039,2775,46
1784971174.2433,17:19:34,3113061845487,343526,100,24039,2775,46
1784971174.4434,17:19:34,3113061910704,340950,100,24039,2775,46
1784971174.6433,17:19:34,3113061975853,340950,100,24039,2775,46
1784971174.8433,17:19:34,3113062041033,340950,100,24039,2775,46
1784971175.0433,17:19:35,3113062105891,340669,100,24039,2775,47
1784971175.2433,17:19:35,3113062170579,340669,100,24039,2775,47
1784971175.4433,17:19:35,3113062234121,339453,100,24039,2775,47
1784971175.6433,17:19:35,3113062297353,339453,100,24039,2775,47
1784971175.8433,17:19:35,3113062361544,339453,100,24039,2775,47
1784971176.0433,17:19:36,3113062425408,337921,100,24039,2775,47
1784971176.2433,17:19:36,3113062489306,337921,100,24039,2775,47
1784971176.4433,17:19:36,3113062553349,335894,100,24039,2775,47
1784971176.6433,17:19:36,3113062617408,335894,100,24039,2775,47
1784971176.8434,17:19:36,3113062680156,335894,100,24039,2775,47
1784971177.0433,17:19:37,3113062740932,333519,100,24039,2775,47
1784971177.2433,17:19:37,3113062801671,333519,100,24039,2775,47
1784971177.4433,17:19:37,3113062862499,326424,100,24039,2775,47
1784971177.6433,17:19:37,3113062923321,326424,100,24039,2775,47
1784971177.8434,17:19:37,3113062984068,326424,100,24039,2775,47
1784971178.0433,17:19:38,3113063044819,318839,100,24039,2775,47
1784971178.2433,17:19:38,3113063105458,318839,100,24039,2775,47
1784971178.4434,17:19:38,3113063166087,318545,100,24039,2775,47
1784971178.6434,17:19:38,3113063226803,318545,100,24039,2775,47
1784971178.8434,17:19:38,3113063287371,318545,100,24039,2775,47
1784971179.0434,17:19:39,3113063347957,318382,100,24039,2775,47
1784971179.2434,17:19:39,3113063408490,318382,100,24039,2775,47
1784971179.4434,17:19:39,3113063468977,318393,100,24039,2775,47
1784971179.6434,17:19:39,3113063527146,318393,100,24039,2775,47
1784971179.8433,17:19:39,3113063585172,318393,100,24039,2775,47
1784971180.0433,17:19:40,3113063643189,313643,100,24039,2775,47
1784971180.2434,17:19:40,3113063700883,313643,100,24039,2775,47
1784971180.4433,17:19:40,3113063758889,307810,100,24039,2775,47
1784971180.6433,17:19:40,3113063816839,307810,100,24039,2775,47
1784971180.8433,17:19:40,3113063874576,307810,100,24039,2775,47
1784971181.0434,17:19:41,3113063932439,305227,100,24039,2775,47
1784971181.2433,17:19:41,3113063990241,305227,100,24039,2775,47
1784971181.4433,17:19:41,3113064047972,304998,100,24039,2775,47
1784971181.6433,17:19:41,3113064105009,304998,100,24039,2775,47
1784971181.8433,17:19:41,3113064160304,304998,100,24039,2775,47
1784971182.0433,17:19:42,3113064216760,302951,100,24039,2775,47
1784971182.2433,17:19:42,3113064273168,302951,100,24039,2775,47
1784971182.4433,17:19:42,3113064329533,299962,100,24039,2775,47
1784971182.6433,17:19:42,3113064385766,299962,100,24039,2775,47
1784971182.8434,17:19:42,3113064442082,299962,100,24039,2775,47
1784971183.0433,17:19:43,3113064498350,298163,100,24039,2775,47
1784971183.2433,17:19:43,3113064554629,298163,100,24039,2775,47
1784971183.4433,17:19:43,3113064610756,298003,100,24039,2775,47
1784971183.6433,17:19:43,3113064667007,298003,100,24039,2775,47
1784971183.8434,17:19:43,3113064723293,298003,100,24039,2775,47
1784971184.0434,17:19:44,3113064779531,298217,100,24039,2775,48
1784971184.2433,17:19:44,3113064835230,298217,100,24039,2775,48
1784971184.4433,17:19:44,3113064890665,297428,100,24039,2775,48
1784971184.6433,17:19:44,3113064945906,297428,100,24039,2775,48
1784971184.8433,17:19:44,3113065001117,297428,100,24039,2775,48
1784971185.0434,17:19:45,3113065056361,295282,100,24039,2775,48
1784971185.2434,17:19:45,3113065114514,295282,100,24039,2775,48
1784971185.4433,17:19:45,3113065175271,299994,100,24039,2775,50
1784971185.6433,17:19:45,3113065210534,299994,100,24039,2775,50
1784971185.8433,17:19:45,3113065224198,299994,100,24039,2775,50
1784971186.0434,17:19:46,3113065238618,240514,100,24039,2790,41
1784971186.2433,17:19:46,3113065252983,240514,100,24039,2790,41
1784971186.4434,17:19:46,3113065267303,138000,0,24039,2790,40
1784971186.6433,17:19:46,3113065281610,138000,0,24039,2790,40
1784971186.8433,17:19:46,3113065291210,138000,0,24039,2790,40
1784971187.0433,17:19:47,3113065300785,115516,0,24039,2790,40
1784971187.2434,17:19:47,3113065310345,115516,0,24039,2790,40
1784971187.4434,17:19:47,3113065317852,115516,0,24039,2790,40
1784971187.6434,17:19:47,3113065329688,115516,0,24039,2790,40
1784971187.8434,17:19:47,3113065337165,115516,0,24039,2790,40
1784971188.0433,17:19:48,3113065344599,72554,0,24039,2520,38
1784971188.2434,17:19:48,3113065351998,72554,0,24039,2520,38
1784971188.4434,17:19:48,3113065359448,72554,0,24039,2520,38
1784971188.6434,17:19:48,3113065370483,72554,0,24039,2520,38
1784971188.8434,17:19:48,3113065377932,72554,0,24039,2520,38
1784971189.0433,17:19:49,3113065385313,65350,0,24039,2520,38
1784971189.2433,17:19:49,3113065392703,65350,0,24039,2520,38
1784971189.4433,17:19:49,3113065400103,65350,0,24039,2520,38
1784971189.6433,17:19:49,3113065411085,65350,0,24039,2520,38
1784971189.8434,17:19:49,3113065418475,65350,0,24039,2520,38
1784971190.0433,17:19:50,3113065425910,58448,0,24039,2520,38
1784971190.2433,17:19:50,3113065433275,58448,0,24039,2520,38
1784971190.4434,17:19:50,3113065440670,58448,0,24039,2520,38
1784971190.6434,17:19:50,3113065451720,58448,0,24039,2520,38
1784971190.8433,17:19:50,3113065459148,58448,0,24039,2520,38
1784971191.0433,17:19:51,3113065466538,58510,0,24039,2520,37
1784971191.2434,17:19:51,3113065473919,58510,0,24039,2520,37
1784971191.4433,17:19:51,3113065481271,58510,0,24039,2520,37
1784971191.6434,17:19:51,3113065492152,58510,0,24039,2520,37
1784971191.8433,17:19:51,3113065505232,58621,0,24039,2520,37
1784971192.0434,17:19:52,3113065510974,58621,0,24039,2520,37
1784971192.2434,17:19:52,3113065518368,58621,0,24039,2520,37
1784971192.4433,17:19:52,3113065525672,58621,0,24039,2520,37
1784971192.6433,17:19:52,3113065536572,58621,0,24039,2520,37
1784971192.8433,17:19:52,3113065543970,58621,0,24039,2520,37
1784971193.0433,17:19:53,3113065551337,58390,0,24039,2520,37
1784971193.2434,17:19:53,3113065558664,58390,0,24039,2520,37
1784971193.4434,17:19:53,3113065565999,58390,0,24039,2520,37
1784971193.6434,17:19:53,3113065576926,58390,0,24039,2520,37
1784971193.8434,17:19:53,3113065584305,58390,0,24039,2520,37
1784971194.0433,17:19:54,3113065591675,58325,0,24039,2520,37
1784971194.2433,17:19:54,3113065599032,58325,0,24039,2520,37
1784971194.4433,17:19:54,3113065606430,58325,0,24039,2520,37
1784971194.6433,17:19:54,3113065617392,58325,0,24039,2520,37
1784971194.8433,17:19:54,3113065624733,58325,0,24039,2520,37
1784971195.0434,17:19:55,3113065632081,58651,0,24039,2520,37
1784971195.2434,17:19:55,3113065639364,58651,0,24039,2520,37
1784971195.4434,17:19:55,3113065646700,58651,0,24039,2520,37
1784971195.6433,17:19:55,3113065657600,58651,0,24039,2520,37
1784971195.8433,17:19:55,3113065664883,58651,0,24039,2520,37
1784971196.0433,17:19:56,3113065672140,58763,0,24039,2520,36
1784971196.2433,17:19:56,3113065679414,58763,0,24039,2520,36
1784971196.4433,17:19:56,3113065686682,58763,0,24039,2520,36
1784971196.6433,17:19:56,3113065697445,58763,0,24039,2520,36
1784971196.8433,17:19:56,3113065704691,58763,0,24039,2520,36
1784971197.0434,17:19:57,3113065711882,58534,0,24039,2520,36
1784971197.2433,17:19:57,3113065719045,58534,0,24039,2520,36
1784971197.4433,17:19:57,3113065726272,58534,0,24039,2520,36
1784971197.6433,17:19:57,3113065737019,58534,0,24039,2520,36
1784971197.8434,17:19:57,3113065744193,58534,0,24039,2520,36
1784971198.0433,17:19:58,3113065751388,58045,0,24039,2520,36
1784971198.2434,17:19:58,3113065758639,58045,0,24039,2520,36
1784971198.4434,17:19:58,3113065765810,58045,0,24039,2520,36
1784971198.6434,17:19:58,3113065776549,58045,0,24039,2520,36
1784971198.8434,17:19:58,3113065783738,58045,0,24039,2520,36
1784971199.0433,17:19:59,3113065790901,57873,0,24039,2520,36
1784971199.2434,17:19:59,3113065798101,57873,0,24039,2520,36
1784971199.4434,17:19:59,3113065805252,57873,0,24039,2520,36
1784971199.6434,17:19:59,3113065815947,57873,0,24039,2520,36
1784971199.8434,17:19:59,3113065823039,57873,0,24039,2520,36
1784971200.0434,17:20:00,3113065830174,57931,0,24039,2520,36
1784971200.2434,17:20:00,3113065837280,57931,0,24039,2520,36
1784971200.4433,17:20:00,3113065844432,57931,0,24039,2520,36
1784971200.6434,17:20:00,3113065855084,57931,0,24039,2520,36
1784971200.8433,17:20:00,3113065862234,57931,0,24039,2520,36
1784971201.0433,17:20:01,3113065869394,57783,0,24039,2520,36
1784971201.2434,17:20:01,3113065876525,57783,0,24039,2520,36
1784971201.4434,17:20:01,3113065883682,57783,0,24039,2520,36
1784971201.6434,17:20:01,3113065894378,57783,0,24039,2520,36
1784971201.8434,17:20:01,3113065901524,57783,0,24039,2520,36
1784971202.0434,17:20:02,3113065908619,57765,0,24039,2520,36
1784971202.2433,17:20:02,3113065915719,57765,0,24039,2520,36
1784971202.4434,17:20:02,3113065922815,57765,0,24039,2520,36
1784971202.6433,17:20:02,3113065930306,57765,0,24039,2520,36
1784971202.8434,17:20:02,3113065933738,57765,0,24039,2520,36
1784971203.0433,17:20:03,3113065937109,57855,0,24039,2520,36
1784971203.2434,17:20:03,3113065940503,57855,0,24039,2520,36
1784971203.4434,17:20:03,3113065943903,57855,0,24039,2520,36
1784971203.6434,17:20:03,3113065948988,57855,0,24039,2520,36
1784971203.8434,17:20:03,3113065951962,57855,0,24039,2520,36
1784971204.0434,17:20:04,3113065954949,43635,0,24039,330,34
1784971204.2434,17:20:04,3113065957920,43635,0,24039,330,34
1784971204.4434,17:20:04,3113065960909,43635,0,24039,330,34
1784971204.6434,17:20:04,3113065965228,43635,0,24039,330,34
1784971204.8434,17:20:04,3113065968103,43635,0,24039,330,34
1784971205.0433,17:20:05,3113065971016,26961,0,24039,210,34
1784971205.2434,17:20:05,3113065976123,26961,0,24039,210,34
1784971205.4434,17:20:05,3113065978302,26961,0,24039,210,34
1784971205.6434,17:20:05,3113065982502,26961,0,24039,210,34
1784971205.8434,17:20:05,3113065985382,26961,0,24039,210,34
1784971206.0434,17:20:06,3113065988229,23690,0,24039,210,34
1784971206.2434,17:20:06,3113065991087,23690,0,24039,210,34
1784971206.4434,17:20:06,3113065993975,23690,0,24039,210,34
1784971206.6434,17:20:06,3113065998171,23690,0,24039,210,34
1784971206.8434,17:20:06,3113066001301,23690,0,24039,210,34
1784971207.0434,17:20:07,3113066057393,24764,0,24039,2520,38
1784971207.2434,17:20:07,3113066141264,24764,0,24039,2520,38
1784971207.4434,17:20:07,3113066228197,125200,100,24039,2625,58
1784971207.6434,17:20:07,3113066314783,125200,100,24039,2625,58
1784971207.8434,17:20:07,3113066400618,125200,100,24039,2625,58
1784971208.0433,17:20:08,3113066478847,437933,100,24039,2520,58
1784971208.2434,17:20:08,3113066557576,437933,100,24039,2520,58
1784971208.4434,17:20:08,3113066638132,455177,100,24039,2595,59
1784971208.6433,17:20:08,3113066715128,455177,100,24039,2595,59
1784971208.8434,17:20:08,3113066795292,455177,100,24039,2595,59
1784971209.0434,17:20:09,3113066874011,437672,100,24039,2760,54
1784971209.2434,17:20:09,3113066945691,437672,100,24039,2760,54
1784971209.4434,17:20:09,3113067020447,425957,100,24039,2640,57
1784971209.6433,17:20:09,3113067097057,425957,100,24039,2640,57
1784971209.8434,17:20:09,3113067172795,425957,100,24039,2640,57
1784971210.0434,17:20:10,3113067241088,418746,100,24039,2760,54
1784971210.2434,17:20:10,3113067311828,418746,100,24039,2760,54
1784971210.4434,17:20:10,3113067377821,399850,100,24039,2760,53
1784971210.6434,17:20:10,3113067446749,399850,100,24039,2760,53
1784971210.8434,17:20:10,3113067520716,399850,100,24039,2760,53
1784971211.0434,17:20:11,3113067588648,389565,100,24039,2760,54
1784971211.2434,17:20:11,3113067658070,389565,100,24039,2760,54
1784971211.4433,17:20:11,3113067736745,390686,100,24039,2640,59
1784971211.6434,17:20:11,3113067806220,390686,100,24039,2640,59
1784971211.8434,17:20:11,3113067877741,390686,100,24039,2640,59
1784971212.0434,17:20:12,3113067949541,402165,100,24039,2760,55
1784971212.2434,17:20:12,3113068018795,402165,100,24039,2760,55
1784971212.4434,17:20:12,3113068084034,400284,100,24039,2760,54
1784971212.6434,17:20:12,3113068154227,400284,100,24039,2760,54
1784971212.8434,17:20:12,3113068226070,400284,100,24039,2760,54
1784971213.0433,17:20:13,3113068298111,388734,100,24039,2760,55
1784971213.2433,17:20:13,3113068375470,388734,100,24039,2760,55
1784971213.4434,17:20:13,3113068442162,393109,100,24039,2760,55
1784971213.6434,17:20:13,3113068519417,393109,100,24039,2760,55
1784971213.8434,17:20:13,3113068586467,393109,100,24039,2760,55
1784971214.0434,17:20:14,3113068651384,398596,100,24039,2760,55
1784971214.2434,17:20:14,3113068725832,398596,100,24039,2760,55
1784971214.4434,17:20:14,3113068805319,386499,100,24039,2730,57
1784971214.6434,17:20:14,3113068879199,386499,100,24039,2730,57
1784971214.8434,17:20:14,3113068951832,386499,100,24039,2730,57
1784971215.0434,17:20:15,3113069031144,382501,100,24039,2760,55
1784971215.2434,17:20:15,3113069100441,382501,100,24039,2760,55
1784971215.4434,17:20:15,3113069170932,383427,100,24039,2760,55
1784971215.6434,17:20:15,3113069246789,383427,100,24039,2760,55
1784971215.8434,17:20:15,3113069323651,383427,100,24039,2760,55
1784971216.0434,17:20:16,3113069394738,386550,100,24039,2760,56
1784971216.2434,17:20:16,3113069469075,386550,100,24039,2760,56
1784971216.4434,17:20:16,3113069543653,381888,100,24039,2760,55
1784971216.6434,17:20:16,3113069617151,381888,100,24039,2760,55
1784971216.8434,17:20:16,3113069695599,381888,100,24039,2760,55
1784971217.0434,17:20:17,3113069775650,385318,100,24039,2760,56
1784971217.2434,17:20:17,3113069850615,385318,100,24039,2760,56
1784971217.4434,17:20:17,3113069925631,391317,100,24039,2760,58
1784971217.6434,17:20:17,3113070000504,391317,100,24039,2760,58
1784971217.8434,17:20:17,3113070115307,393436,100,24039,2760,58
1784971218.0434,17:20:18,3113070149546,393436,100,24039,2760,58
1784971218.2434,17:20:18,3113070221099,393436,100,24039,2760,58
1784971218.4434,17:20:18,3113070301324,389346,100,24039,2760,61
1784971218.6434,17:20:18,3113070376723,389346,100,24039,2760,61
1784971218.8434,17:20:18,3113070457867,389346,100,24039,2760,61
1784971219.0434,17:20:19,3113070535170,394669,100,24039,2670,61
1784971219.2434,17:20:19,3113070608310,394669,100,24039,2670,61
1784971219.4434,17:20:19,3113070683965,398089,100,24039,2760,58
1784971219.6434,17:20:19,3113070755726,398089,100,24039,2760,58
1784971219.8434,17:20:19,3113070829781,398089,100,24039,2760,58
1784971220.0434,17:20:20,3113070909697,386164,100,24039,2760,58
1784971220.2434,17:20:20,3113070982817,386164,100,24039,2760,58
1784971220.4434,17:20:20,3113071058310,384692,100,24039,2655,60
1784971220.6434,17:20:20,3113071130969,384692,100,24039,2655,60
1784971220.8433,17:20:20,3113071211771,384692,100,24039,2655,60
1784971221.0434,17:20:21,3113071290046,393865,100,24039,2625,64
1784971221.2434,17:20:21,3113071367192,393865,100,24039,2625,64
1784971221.4434,17:20:21,3113071439589,400191,100,24039,2760,58
1784971221.6434,17:20:21,3113071511646,400191,100,24039,2760,58
1784971221.8433,17:20:21,3113071595144,400191,100,24039,2760,58
1784971222.0434,17:20:22,3113071677905,405377,100,24039,2640,63
1784971222.2433,17:20:22,3113071755577,405377,100,24039,2640,63
1784971222.4434,17:20:22,3113071841460,405419,100,24039,2640,65
1784971222.6434,17:20:22,3113071924933,405419,100,24039,2640,65
1784971222.8434,17:20:22,3113071996067,405419,100,24039,2640,65
1784971223.0434,17:20:23,3113072070056,417743,100,24039,2760,58
1784971223.2434,17:20:23,3113072150564,417743,100,24039,2760,58
1784971223.4434,17:20:23,3113072232879,414092,100,24039,2760,60
1784971223.6434,17:20:23,3113072302542,414092,100,24039,2760,60
1784971223.8434,17:20:23,3113072381486,414092,100,24039,2760,60
1784971224.0434,17:20:24,3113072460314,392958,100,24039,2760,59
1784971224.2434,17:20:24,3113072534205,392958,100,24039,2760,59
1784971224.4434,17:20:24,3113072605399,393723,100,24039,2760,59
1784971224.6434,17:20:24,3113072684084,393723,100,24039,2760,59
1784971224.8434,17:20:24,3113072757536,393723,100,24039,2760,59
1784971225.0434,17:20:25,3113072829719,391212,100,24039,2760,60
1784971225.2434,17:20:25,3113072905127,391212,100,24039,2760,60
1784971225.4434,17:20:25,3113072977929,382670,100,24039,2760,59
1784971225.6434,17:20:25,3113073049186,382670,100,24039,2760,59
1784971225.8434,17:20:25,3113073131300,382670,100,24039,2760,59
1784971226.0434,17:20:26,3113073202738,387449,100,24039,2745,60
1784971226.2434,17:20:26,3113073289000,387449,100,24039,2745,60
1784971226.4434,17:20:26,3113073356748,389248,100,24039,2760,59
1784971226.6434,17:20:26,3113073431883,389248,100,24039,2760,59
1784971226.8434,17:20:26,3113073514412,389248,100,24039,2760,59
1784971227.0434,17:20:27,3113073584403,396749,100,24039,2760,61
1784971227.2434,17:20:27,3113073664308,396749,100,24039,2760,61
1784971227.4434,17:20:27,3113073738866,394267,100,24039,2670,60
1784971227.6434,17:20:27,3113073824903,394267,100,24039,2670,60
1784971227.8434,17:20:27,3113073904134,394267,100,24039,2670,60
1784971228.0434,17:20:28,3113073976524,401737,100,24039,2760,61
1784971228.2434,17:20:28,3113074057823,401737,100,24039,2760,61
1784971228.4434,17:20:28,3113074138418,411879,100,24039,2700,62
1784971228.6434,17:20:28,3113074212919,411879,100,24039,2700,62
1784971228.8434,17:20:28,3113074291917,411879,100,24039,2700,62
1784971229.0434,17:20:29,3113074368385,396902,100,24039,2760,61
1784971229.2434,17:20:29,3113074444344,396902,100,24039,2760,61
1784971229.4434,17:20:29,3113074517824,392735,100,24039,2760,61
1784971229.6434,17:20:29,3113074600494,392735,100,24039,2760,61
1784971229.8434,17:20:29,3113074674129,392735,100,24039,2760,61
1784971230.0434,17:20:30,3113074747289,394368,100,24039,2760,61
1784971230.2434,17:20:30,3113074823856,394368,100,24039,2760,61
1784971230.4434,17:20:30,3113074900144,394968,100,24039,2670,61
1784971230.6434,17:20:30,3113074973808,394968,100,24039,2670,61
1784971230.8434,17:20:30,3113075053823,394968,100,24039,2670,61
1784971231.0433,17:20:31,3113075126229,389340,100,24039,2760,61
1784971231.2434,17:20:31,3113075206123,389340,100,24039,2760,61
1784971231.4434,17:20:31,3113075280308,393281,100,24039,2700,61
1784971231.6434,17:20:31,3113075356454,393281,100,24039,2700,61
1784971231.8434,17:20:31,3113075433510,393281,100,24039,2700,61
1784971232.0434,17:20:32,3113075506941,392285,100,24039,2760,62
1784971232.2434,17:20:32,3113075584638,392285,100,24039,2760,62
1784971232.4434,17:20:32,3113075661197,394042,100,24039,2760,62
1784971232.6434,17:20:32,3113075739921,394042,100,24039,2760,62
1784971232.8434,17:20:32,3113075814774,394042,100,24039,2760,62
1784971233.0434,17:20:33,3113075889655,391733,100,24039,2760,61
1784971233.2434,17:20:33,3113075964498,391733,100,24039,2760,61
1784971233.4434,17:20:33,3113076039211,388950,100,24039,2760,61
1784971233.6434,17:20:33,3113076121627,388950,100,24039,2760,61
1784971233.8434,17:20:33,3113076198250,388950,100,24039,2760,61
1784971234.0434,17:20:34,3113076276989,395646,100,24039,2760,63
1784971234.2434,17:20:34,3113076356532,395646,100,24039,2760,63
1784971234.4434,17:20:34,3113076433472,404725,100,24039,2760,62
1784971234.6434,17:20:34,3113076516721,404725,100,24039,2760,62
1784971234.8433,17:20:34,3113076589833,404725,100,24039,2760,62
1784971235.0434,17:20:35,3113076667076,406650,100,24039,2625,64
1784971235.2434,17:20:35,3113076743169,406650,100,24039,2625,64
1784971235.4434,17:20:35,3113076820159,398912,100,24039,2760,62
1784971235.6434,17:20:35,3113076895805,398912,100,24039,2760,62
1784971235.8434,17:20:35,3113076971267,398912,100,24039,2760,62
1784971236.0434,17:20:36,3113077053133,399077,100,24039,2610,62
1784971236.2434,17:20:36,3113077126632,399077,100,24039,2610,62
1784971236.4434,17:20:36,3113077202577,400178,100,24039,2760,63
1784971236.6434,17:20:36,3113077279015,400178,100,24039,2760,63
1784971236.8434,17:20:36,3113077358254,400178,100,24039,2760,63
1784971237.0434,17:20:37,3113077432045,403121,100,24039,2685,65
1784971237.2434,17:20:37,3113077509909,403121,100,24039,2685,65
1784971237.4434,17:20:37,3113077587916,400670,100,24039,2715,65
1784971237.6434,17:20:37,3113077664773,400670,100,24039,2715,65
1784971237.8433,17:20:37,3113077737055,400670,100,24039,2715,65
1784971238.0434,17:20:38,3113077815368,397979,100,24039,2685,66
1784971238.2434,17:20:38,3113077897900,397979,100,24039,2685,66
1784971238.4434,17:20:38,3113077974927,404888,100,24039,2760,62
1784971238.6434,17:20:38,3113078056401,404888,100,24039,2760,62
1784971238.8434,17:20:38,3113078136428,404888,100,24039,2760,62
1784971239.0434,17:20:39,3113078210440,415492,100,24039,2745,66
1784971239.2434,17:20:39,3113078284644,415492,100,24039,2745,66
1784971239.4434,17:20:39,3113078365934,406360,100,24039,2745,67
1784971239.6434,17:20:39,3113078440083,406360,100,24039,2745,67
1784971239.8433,17:20:39,3113078520653,406360,100,24039,2745,67
1784971240.0434,17:20:40,3113078598115,407338,100,24039,2760,63
1784971240.2434,17:20:40,3113078678023,407338,100,24039,2760,63
1784971240.4434,17:20:40,3113078756086,407849,100,24039,2670,63
1784971240.6434,17:20:40,3113078830516,407849,100,24039,2670,63
1784971240.8434,17:20:40,3113078911445,407849,100,24039,2670,63
1784971241.0434,17:20:41,3113078993594,407559,100,24039,2550,66
1784971241.2434,17:20:41,3113079069277,407559,100,24039,2550,66
1784971241.4434,17:20:41,3113079151671,409840,100,24039,2610,66
1784971241.6434,17:20:41,3113079227591,409840,100,24039,2610,66
1784971241.8434,17:20:41,3113079304869,409840,100,24039,2610,66
1784971242.0434,17:20:42,3113079381350,413787,100,24039,2595,67
1784971242.2434,17:20:42,3113079460680,413787,100,24039,2595,67
1784971242.4434,17:20:42,3113079545036,416900,100,24039,2595,67
1784971242.6434,17:20:42,3113079623326,416900,100,24039,2595,67
1784971242.8434,17:20:42,3113079699898,416900,100,24039,2595,67
1784971243.0434,17:20:43,3113079784086,422659,100,24039,2580,68
1784971243.2434,17:20:43,3113079862247,422659,100,24039,2580,68
1784971243.4434,17:20:43,3113079939404,417433,100,24039,2760,64
1784971243.6434,17:20:43,3113080058482,417433,100,24039,2760,64
1784971243.8434,17:20:43,3113080094152,417433,100,24039,2760,64
1784971244.0434,17:20:44,3113080170574,414651,100,24039,2760,64
1784971244.2434,17:20:44,3113080245810,414651,100,24039,2760,64
1784971244.4434,17:20:44,3113080322053,400758,100,24039,2760,65
1784971244.6434,17:20:44,3113080396954,400758,100,24039,2760,65
1784971244.8434,17:20:44,3113080469900,400758,100,24039,2760,65
1784971245.0434,17:20:45,3113080544637,396873,100,24039,2760,64
1784971245.2434,17:20:45,3113080627303,396873,100,24039,2760,64
1784971245.4434,17:20:45,3113080703520,402443,100,24039,2610,64
1784971245.6434,17:20:45,3113080780418,402443,100,24039,2610,64
1784971245.8434,17:20:45,3113080860985,402443,100,24039,2610,64
1784971246.0434,17:20:46,3113080943027,410828,100,24039,2745,66
1784971246.2434,17:20:46,3113081022439,410828,100,24039,2745,66
1784971246.4434,17:20:46,3113081096925,414642,100,24039,2760,64
1784971246.6434,17:20:46,3113081174831,414642,100,24039,2760,64
1784971246.8434,17:20:46,3113081250441,414642,100,24039,2760,64
1784971247.0434,17:20:47,3113081336400,414989,100,24039,2580,68
1784971247.2434,17:20:47,3113081409156,414989,100,24039,2580,68
1784971247.4434,17:20:47,3113081484927,403769,100,24039,2685,65
1784971247.6434,17:20:47,3113081560473,403769,100,24039,2685,65
1784971247.8434,17:20:47,3113081633613,403769,100,24039,2685,65
1784971248.0434,17:20:48,3113081710952,406386,100,24039,2745,64
1784971248.2434,17:20:48,3113081783431,406386,100,24039,2745,64
1784971248.4434,17:20:48,3113081861243,403295,100,24039,2610,67
1784971248.6434,17:20:48,3113081936382,403295,100,24039,2610,67
1784971248.8434,17:20:48,3113082009555,403295,100,24039,2610,67
1784971249.0434,17:20:49,3113082084743,400694,100,24039,2760,64
1784971249.2434,17:20:49,3113082158550,400694,100,24039,2760,64
1784971249.4434,17:20:49,3113082237802,403728,100,24039,2760,66
1784971249.6434,17:20:49,3113082315034,403728,100,24039,2760,66
1784971249.8434,17:20:49,3113082391832,403728,100,24039,2760,66
1784971250.0434,17:20:50,3113082473840,407326,100,24039,2760,64
1784971250.2434,17:20:50,3113082552048,407326,100,24039,2760,64
1784971250.4434,17:20:50,3113082631650,418183,100,24039,2760,66
1784971250.6434,17:20:50,3113082706976,418183,100,24039,2760,66
1784971250.8434,17:20:50,3113082789417,418183,100,24039,2760,66
1784971251.0434,17:20:51,3113082866731,422519,100,24039,2760,68
1784971251.2434,17:20:51,3113082945025,422519,100,24039,2760,68
1784971251.4434,17:20:51,3113083026158,419159,100,24039,2745,68
1784971251.6434,17:20:51,3113083103171,419159,100,24039,2745,68
1784971251.8434,17:20:51,3113083180377,419159,100,24039,2745,68
1784971252.0434,17:20:52,3113083257986,421113,100,24039,2610,65
1784971252.2434,17:20:52,3113083336948,421113,100,24039,2610,65
1784971252.4434,17:20:52,3113083415436,419320,100,24039,2685,67
1784971252.6434,17:20:52,3113083491227,419320,100,24039,2685,67
1784971252.8434,17:20:52,3113083569486,419320,100,24039,2685,67
1784971253.0434,17:20:53,3113083650478,413922,100,24039,2745,67
1784971253.2434,17:20:53,3113083729834,413922,100,24039,2745,67
1784971253.4434,17:20:53,3113083809121,421545,100,24039,2595,66
1784971253.6434,17:20:53,3113083886313,421545,100,24039,2595,66
1784971253.8434,17:20:53,3113083970276,421545,100,24039,2595,66
1784971254.0434,17:20:54,3113084051430,425893,100,24039,2715,69
1784971254.2434,17:20:54,3113084128943,425893,100,24039,2715,69
1784971254.4434,17:20:54,3113084204089,420349,100,24039,2715,67
1784971254.6434,17:20:54,3113084278745,420349,100,24039,2715,67
1784971254.8434,17:20:54,3113084358341,420349,100,24039,2715,67
1784971255.0434,17:20:55,3113084436858,413906,100,24039,2760,66
1784971255.2434,17:20:55,3113084512060,413906,100,24039,2760,66
1784971255.4434,17:20:55,3113084586010,406737,100,24039,2760,65
1784971255.6434,17:20:55,3113084660428,406737,100,24039,2760,65
1784971255.8434,17:20:55,3113084739540,406737,100,24039,2760,65
1784971256.0434,17:20:56,3113084818011,403831,100,24039,2760,65
1784971256.2434,17:20:56,3113084891398,403831,100,24039,2760,65
1784971256.4434,17:20:56,3113084966749,406118,100,24039,2610,65
1784971256.6434,17:20:56,3113085044858,406118,100,24039,2610,65
1784971256.8434,17:20:56,3113085121823,406118,100,24039,2610,65
1784971257.0434,17:20:57,3113085196809,409303,100,24039,2760,65
1784971257.2434,17:20:57,3113085275202,409303,100,24039,2760,65
1784971257.4434,17:20:57,3113085345194,411162,100,24039,2760,65
1784971257.6434,17:20:57,3113085425130,411162,100,24039,2760,65
1784971257.8434,17:20:57,3113085497658,411162,100,24039,2760,65
1784971258.0434,17:20:58,3113085572551,405093,100,24039,2760,65
1784971258.2434,17:20:58,3113085644772,405093,100,24039,2760,65
1784971258.4434,17:20:58,3113085717075,397791,100,24039,2760,64
1784971258.6434,17:20:58,3113085796064,397791,100,24039,2760,64
1784971258.8434,17:20:58,3113085877150,397791,100,24039,2760,64
1784971259.0434,17:20:59,3113085951511,405384,100,24039,2760,67
1784971259.2434,17:20:59,3113086027006,405384,100,24039,2760,67
1784971259.4434,17:20:59,3113086102054,411534,100,24039,2760,65
1784971259.6434,17:20:59,3113086221046,411534,100,24039,2760,65
1784971259.8434,17:20:59,3113086254387,411534,100,24039,2760,65
1784971260.0434,17:21:00,3113086328841,408372,100,24039,2760,65
1784971260.2434,17:21:00,3113086405089,408372,100,24039,2760,65
1784971260.4434,17:21:00,3113086478964,406092,100,24039,2760,65
1784971260.6434,17:21:00,3113086551828,406092,100,24039,2760,65
1784971260.8434,17:21:00,3113086625164,406092,100,24039,2760,65
1784971261.0434,17:21:01,3113086704341,402406,100,24039,2745,69
1784971261.2434,17:21:01,3113086778008,402406,100,24039,2745,69
1784971261.4434,17:21:01,3113086860183,411406,100,24039,2610,70
1784971261.6434,17:21:01,3113086935654,411406,100,24039,2610,70
1784971261.8434,17:21:01,3113087017534,411406,100,24039,2610,70
1784971262.0434,17:21:02,3113087089497,418645,100,24039,2760,66
1784971262.2434,17:21:02,3113087167962,418645,100,24039,2760,66
1784971262.4434,17:21:02,3113087248817,418996,100,24039,2565,68
1784971262.6434,17:21:02,3113087328965,418996,100,24039,2565,68
1784971262.8434,17:21:02,3113087403906,418996,100,24039,2565,68
1784971263.0434,17:21:03,3113087474726,415885,100,24039,2580,66
1784971263.2434,17:21:03,3113087555619,415885,100,24039,2580,66
1784971263.4434,17:21:03,3113087637400,421070,100,24039,2625,69
1784971263.6434,17:21:03,3113087716912,421070,100,24039,2625,69
1784971263.8434,17:21:03,3113087791971,421070,100,24039,2625,69
1784971264.0434,17:21:04,3113087865971,421334,100,24039,2685,66
1784971264.2434,17:21:04,3113087947772,421334,100,24039,2685,66
1784971264.4434,17:21:04,3113088022508,422609,100,24039,2760,68
1784971264.6434,17:21:04,3113088097630,422609,100,24039,2760,68
1784971264.8434,17:21:04,3113088176355,422609,100,24039,2760,68
1784971265.0434,17:21:05,3113088248117,413015,100,24039,2760,65
1784971265.2434,17:21:05,3113088328001,413015,100,24039,2760,65
1784971265.4434,17:21:05,3113088405345,412914,100,24039,2760,66
1784971265.6434,17:21:05,3113088476890,412914,100,24039,2760,66
1784971265.8434,17:21:05,3113088551499,412914,100,24039,2760,66
1784971266.0434,17:21:06,3113088626134,408574,100,24039,2760,66
1784971266.2434,17:21:06,3113088699632,408574,100,24039,2760,66
1784971266.4434,17:21:06,3113088772919,403018,100,24039,2550,65
1784971266.6434,17:21:06,3113088845974,403018,100,24039,2550,65
1784971266.8434,17:21:06,3113088922724,403018,100,24039,2550,65
1784971267.0434,17:21:07,3113088992547,400372,100,24039,2760,65
1784971267.2434,17:21:07,3113089065710,400372,100,24039,2760,65
1784971267.4434,17:21:07,3113089136854,402513,100,24039,2760,65
1784971267.6434,17:21:07,3113089215081,402513,100,24039,2760,65
1784971267.8434,17:21:07,3113089285983,402513,100,24039,2760,65
1784971268.0434,17:21:08,3113089363063,404139,100,24039,2760,65
1784971268.2434,17:21:08,3113089439421,404139,100,24039,2760,65
1784971268.4434,17:21:08,3113089521124,413807,100,24039,2760,70
1784971268.6434,17:21:08,3113089597805,413807,100,24039,2760,70
1784971268.8434,17:21:08,3113089673610,413807,100,24039,2760,70
1784971269.0434,17:21:09,3113089746705,419328,100,24039,2760,67
1784971269.2434,17:21:09,3113089818982,419328,100,24039,2760,67
1784971269.4434,17:21:09,3113089944419,413153,100,24039,2715,69
1784971269.6434,17:21:09,3113089988565,413153,100,24039,2715,69
1784971269.8434,17:21:09,3113090105748,413153,100,24039,2715,69
1784971270.0434,17:21:10,3113090185947,414260,100,24039,2670,69
1784971270.2434,17:21:10,3113090271018,414260,100,24039,2670,69
1784971270.4434,17:21:10,3113090352479,423595,100,24039,2595,68
1784971270.6434,17:21:10,3113090434061,423595,100,24039,2595,68
1784971270.8434,17:21:10,3113090520380,423595,100,24039,2595,68
1784971271.0434,17:21:11,3113090605914,417573,100,24039,2760,69
1784971271.2434,17:21:11,3113090686326,417573,100,24039,2760,69
1784971271.4434,17:21:11,3113090773667,415852,100,24039,2760,68
1784971271.6434,17:21:11,3113090853869,415852,100,24039,2760,68
1784971271.8434,17:21:11,3113090939261,415852,100,24039,2760,68
1784971272.0434,17:21:12,3113091019161,421442,100,24039,2595,70
1784971272.2434,17:21:12,3113091105131,421442,100,24039,2595,70
1784971272.4434,17:21:12,3113091188688,421992,100,24039,2745,70
1784971272.6434,17:21:12,3113091274340,421992,100,24039,2745,70
1784971272.8434,17:21:12,3113091356018,421992,100,24039,2745,70
1784971273.0434,17:21:13,3113091441994,424313,100,24039,2745,66
1784971273.2434,17:21:13,3113091523145,424313,100,24039,2745,66
1784971273.4434,17:21:13,3113091602444,418877,100,24039,2745,69
1784971273.6434,17:21:13,3113091686342,418877,100,24039,2745,69
1784971273.8434,17:21:13,3113091768237,418877,100,24039,2745,69
1784971274.0434,17:21:14,3113091852550,412624,100,24039,2655,66
1784971274.2434,17:21:14,3113091939210,412624,100,24039,2655,66
1784971274.4434,17:21:14,3113092028655,417605,100,24039,2595,66
1784971274.6434,17:21:14,3113092106436,417605,100,24039,2595,66
1784971274.8434,17:21:14,3113092195265,417605,100,24039,2595,66
1784971275.0434,17:21:15,3113092279570,428728,100,24039,2565,71
1784971275.2434,17:21:15,3113092361921,428728,100,24039,2565,71
1784971275.4434,17:21:15,3113092447921,428238,100,24039,2565,66
1784971275.6434,17:21:15,3113092537807,428238,100,24039,2565,66
1784971275.8434,17:21:15,3113092624234,428238,100,24039,2565,66
1784971276.0434,17:21:16,3113092697125,427846,100,24039,2565,69
1784971276.2434,17:21:16,3113092788643,427846,100,24039,2565,69
1784971276.4434,17:21:16,3113092873159,422492,100,24039,2745,67
1784971276.6434,17:21:16,3113092957873,422492,100,24039,2745,67
1784971276.8434,17:21:16,3113093045411,422492,100,24039,2745,67
1784971277.0434,17:21:17,3113093125822,426857,100,24039,2745,71
1784971277.2434,17:21:17,3113093204592,426857,100,24039,2745,71
1784971277.4434,17:21:17,3113093286615,417972,100,24039,2565,66
1784971277.6434,17:21:17,3113093363162,417972,100,24039,2565,66
1784971277.8434,17:21:17,3113093441782,417972,100,24039,2565,66
1784971278.0434,17:21:18,3113093524286,406142,100,24039,2580,66
1784971278.2434,17:21:18,3113093610510,406142,100,24039,2580,66
1784971278.4434,17:21:18,3113093696404,415294,100,24039,2565,68
1784971278.6434,17:21:18,3113093774427,415294,100,24039,2565,68
1784971278.8434,17:21:18,3113093863848,415294,100,24039,2565,68
1784971279.0434,17:21:19,3113093946403,424135,100,24039,2745,72
1784971279.2434,17:21:19,3113094029945,424135,100,24039,2745,72
1784971279.4434,17:21:19,3113094118832,429678,100,24039,2580,71
1784971279.6434,17:21:19,3113094203287,429678,100,24039,2580,71
1784971279.8434,17:21:19,3113094282604,429678,100,24039,2580,71
1784971280.0434,17:21:20,3113094366522,428328,100,24039,2745,67
1784971280.2434,17:21:20,3113094451877,428328,100,24039,2745,67
1784971280.4434,17:21:20,3113094527669,429103,100,24039,2640,67
1784971280.6434,17:21:20,3113094612148,429103,100,24039,2640,67
1784971280.8434,17:21:20,3113094693914,429103,100,24039,2640,67
1784971281.0434,17:21:21,3113094770520,421484,100,24039,2745,67
1784971281.2434,17:21:21,3113094847123,421484,100,24039,2745,67
1784971281.4434,17:21:21,3113094925055,406372,100,24039,2745,65
1784971281.6434,17:21:21,3113095004324,406372,100,24039,2745,65
1784971281.8434,17:21:21,3113095085030,406372,100,24039,2745,65
1784971282.0434,17:21:22,3113095163644,401929,100,24039,2520,66
1784971282.2434,17:21:22,3113095247409,401929,100,24039,2520,66
1784971282.4434,17:21:22,3113095327225,412949,100,24039,2700,69
1784971282.6434,17:21:22,3113095405507,412949,100,24039,2700,69
1784971282.8434,17:21:22,3113095485561,412949,100,24039,2700,69
1784971283.0434,17:21:23,3113095568396,412255,100,24039,2550,69
1784971283.2434,17:21:23,3113095648202,412255,100,24039,2550,69
1784971283.4434,17:21:23,3113095729847,416473,100,24039,2670,69
1784971283.6434,17:21:23,3113095813805,416473,100,24039,2670,69
1784971283.8434,17:21:23,3113095894340,416473,100,24039,2670,69
1784971284.0434,17:21:24,3113095976134,423328,100,24039,2745,65
1784971284.2434,17:21:24,3113096059002,423328,100,24039,2745,65
1784971284.4434,17:21:24,3113096143239,420360,100,24039,2730,68
1784971284.6434,17:21:24,3113096222964,420360,100,24039,2730,68
1784971284.8434,17:21:24,3113096299280,420360,100,24039,2730,68
1784971285.0434,17:21:25,3113096385482,418956,100,24039,2580,68
1784971285.2434,17:21:25,3113096472186,418956,100,24039,2580,68
1784971285.4434,17:21:25,3113096555984,428337,100,24039,2745,68
1784971285.6434,17:21:25,3113096635916,428337,100,24039,2745,68
1784971285.8434,17:21:25,3113096712437,428337,100,24039,2745,68
1784971286.0434,17:21:26,3113096794250,425798,100,24039,2745,66
1784971286.2434,17:21:26,3113096883359,425798,100,24039,2745,66
1784971286.4434,17:21:26,3113096962834,423171,100,24039,2730,68
1784971286.6434,17:21:26,3113097043098,423171,100,24039,2730,68
1784971286.8434,17:21:26,3113097120198,423171,100,24039,2730,68
1784971287.0434,17:21:27,3113097204413,417704,100,24039,2745,66
1784971287.2434,17:21:27,3113097283361,417704,100,24039,2745,66
1784971287.4434,17:21:27,3113097367420,413280,100,24039,2745,70
1784971287.6434,17:21:27,3113097445507,413280,100,24039,2745,70
1784971287.8434,17:21:27,3113097534479,413280,100,24039,2745,70
1784971288.0434,17:21:28,3113097615166,419733,100,24039,2595,71
1784971288.2434,17:21:28,3113097694059,419733,100,24039,2595,71
1784971288.4434,17:21:28,3113097779612,424951,100,24039,2580,70
1784971288.6434,17:21:28,3113097858151,424951,100,24039,2580,70
1784971288.8434,17:21:28,3113097947608,424951,100,24039,2580,70
1784971289.0434,17:21:29,3113098032945,429461,100,24039,2595,71
1784971289.2434,17:21:29,3113098113028,429461,100,24039,2595,71
1784971289.4434,17:21:29,3113098196135,428368,100,24039,2745,67
1784971289.6434,17:21:29,3113098271620,428368,100,24039,2745,67
1784971289.8434,17:21:29,3113098355022,428368,100,24039,2745,67
1784971290.0434,17:21:30,3113098441159,421312,100,24039,2670,69
1784971290.2434,17:21:30,3113098528878,421312,100,24039,2670,69
1784971290.4434,17:21:30,3113098606773,421212,100,24039,2745,67
1784971290.6434,17:21:30,3113098688553,421212,100,24039,2745,67
1784971290.8434,17:21:30,3113098773119,421212,100,24039,2745,67
1784971291.0434,17:21:31,3113098853021,429033,100,24039,2745,70
1784971291.2434,17:21:31,3113098932994,429033,100,24039,2745,70
1784971291.4434,17:21:31,3113099016817,416202,100,24039,2550,67
1784971291.6434,17:21:31,3113099088945,416202,100,24039,2550,67
1784971291.8434,17:21:31,3113099174486,416202,100,24039,2550,67
1784971292.0434,17:21:32,3113099250018,417236,100,24039,2610,69
1784971292.2434,17:21:32,3113099331005,417236,100,24039,2610,69
1784971292.4434,17:21:32,3113099411973,412297,100,24039,2745,68
1784971292.6434,17:21:32,3113099493984,412297,100,24039,2745,68
1784971292.8434,17:21:32,3113099571577,412297,100,24039,2745,68
1784971293.0434,17:21:33,3113099652629,412568,100,24039,2745,66
1784971293.2434,17:21:33,3113099732203,412568,100,24039,2745,66
1784971293.4434,17:21:33,3113099812386,411849,100,24039,2745,66
1784971293.6434,17:21:33,3113099890643,411849,100,24039,2745,66
1784971293.8434,17:21:33,3113099972670,411849,100,24039,2745,66
1784971294.0434,17:21:34,3113100051752,413173,100,24039,2745,68
1784971294.2434,17:21:34,3113100131890,413173,100,24039,2745,68
1784971294.4434,17:21:34,3113100212761,411577,100,24039,2700,67
1784971294.6434,17:21:34,3113100292854,411577,100,24039,2700,67
1784971294.8434,17:21:34,3113100370911,411577,100,24039,2700,67
1784971295.0434,17:21:35,3113100448435,411588,100,24039,2580,67
1784971295.2434,17:21:35,3113100527665,411588,100,24039,2580,67
1784971295.4434,17:21:35,3113100607381,408599,100,24039,2745,66
1784971295.6434,17:21:35,3113100687299,408599,100,24039,2745,66
1784971295.8434,17:21:35,3113100767752,408599,100,24039,2745,66
1784971296.0434,17:21:36,3113100844372,413607,100,24039,2520,69
1784971296.2434,17:21:36,3113100925398,413607,100,24039,2520,69
1784971296.4434,17:21:36,3113101007808,412964,100,24039,2745,70
1784971296.6434,17:21:36,3113101096855,412964,100,24039,2745,70
1784971296.8434,17:21:36,3113101175721,412964,100,24039,2745,70
1784971297.0434,17:21:37,3113101253747,418764,100,24039,2760,66
1784971297.2434,17:21:37,3113101338214,418764,100,24039,2760,66
1784971297.4434,17:21:37,3113101413828,419251,100,24039,2685,66
1784971297.6434,17:21:37,3113101498078,419251,100,24039,2685,66
1784971297.8434,17:21:37,3113101581766,419251,100,24039,2685,66
1784971298.0434,17:21:38,3113101660499,413766,100,24039,2730,70
1784971298.2434,17:21:38,3113101744390,413766,100,24039,2730,70
1784971298.4434,17:21:38,3113101825305,419304,100,24039,2595,68
1784971298.6434,17:21:38,3113101901232,419304,100,24039,2595,68
1784971298.8434,17:21:38,3113101981739,419304,100,24039,2595,68
1784971299.0434,17:21:39,3113102062436,416158,100,24039,2760,67
1784971299.2434,17:21:39,3113102146669,416158,100,24039,2760,67
1784971299.4434,17:21:39,3113102225741,414013,100,24039,2745,66
1784971299.6434,17:21:39,3113102308180,414013,100,24039,2745,66
1784971299.8434,17:21:39,3113102386067,414013,100,24039,2745,66
1784971300.0434,17:21:40,3113102460840,413135,100,24039,2760,69
1784971300.2434,17:21:40,3113102542384,413135,100,24039,2760,69
1784971300.4434,17:21:40,3113102620524,405072,100,24039,2670,66
1784971300.6434,17:21:40,3113102699672,405072,100,24039,2670,66
1784971300.8434,17:21:40,3113102779058,405072,100,24039,2670,66
1784971301.0434,17:21:41,3113102861959,406929,100,24039,2745,66
1784971301.2434,17:21:41,3113102941926,406929,100,24039,2745,66
1784971301.4434,17:21:41,3113103027074,417337,100,24039,2580,71
1784971301.6434,17:21:41,3113103111164,417337,100,24039,2580,71
1784971301.8434,17:21:41,3113103191684,417337,100,24039,2580,71
1784971302.0434,17:21:42,3113103268239,426945,100,24039,2595,69
1784971302.2434,17:21:42,3113103349405,426945,100,24039,2595,69
1784971302.4434,17:21:42,3113103428721,421148,100,24039,2745,66
1784971302.6434,17:21:42,3113103514635,421148,100,24039,2745,66
1784971302.8434,17:21:42,3113103594983,421148,100,24039,2745,66
1784971303.0434,17:21:43,3113103681648,423557,100,24039,2550,67
1784971303.2434,17:21:43,3113103759759,423557,100,24039,2550,67
1784971303.4434,17:21:43,3113103837748,424504,100,24039,2760,67
1784971303.6434,17:21:43,3113103917965,424504,100,24039,2760,67
1784971303.8434,17:21:43,3113104003990,424504,100,24039,2760,67
1784971304.0434,17:21:44,3113104077622,418687,100,24039,2760,70
1784971304.2434,17:21:44,3113104155879,418687,100,24039,2760,70
1784971304.4434,17:21:44,3113104238678,407596,100,24039,2760,66
1784971304.6434,17:21:44,3113104315794,407596,100,24039,2760,66
1784971304.8434,17:21:44,3113104405453,407596,100,24039,2760,66
1784971305.0434,17:21:45,3113104485023,421110,100,24039,2565,72
1784971305.2434,17:21:45,3113104565549,421110,100,24039,2565,72
1784971305.4434,17:21:45,3113104641183,424480,100,24039,2745,67
1784971305.6434,17:21:45,3113104716302,424480,100,24039,2745,67
1784971305.8434,17:21:45,3113104790856,424480,100,24039,2745,67
1784971306.0434,17:21:46,3113104865507,408536,100,24039,2760,65
1784971306.2434,17:21:46,3113104939788,408536,100,24039,2760,65
1784971306.4434,17:21:46,3113105013773,390669,100,24039,2760,65
1784971306.6434,17:21:46,3113105087542,390669,100,24039,2760,65
1784971306.8434,17:21:46,3113105160451,390669,100,24039,2760,65
1784971307.0434,17:21:47,3113105232993,386859,100,24039,2760,65
1784971307.2434,17:21:47,3113105305480,386859,100,24039,2760,65
1784971307.4434,17:21:47,3113105377675,382609,100,24039,2760,64
1784971307.6434,17:21:47,3113105449707,382609,100,24039,2760,64
1784971307.8434,17:21:47,3113105521735,382609,100,24039,2760,64
1784971308.0434,17:21:48,3113105593728,378896,100,24039,2760,64
1784971308.2434,17:21:48,3113105665404,378896,100,24039,2760,64
1784971308.4434,17:21:48,3113105736963,377510,100,24039,2760,64
1784971308.6434,17:21:48,3113105808311,377510,100,24039,2760,64
1784971308.8434,17:21:48,3113105879250,377510,100,24039,2760,64
1784971309.0434,17:21:49,3113105949565,375803,100,24039,2760,64
1784971309.2434,17:21:49,3113106019915,375803,100,24039,2760,64
1784971309.4434,17:21:49,3113106090282,372446,100,24039,2760,63
1784971309.6434,17:21:49,3113106160531,372446,100,24039,2760,63
1784971309.8434,17:21:49,3113106230964,372446,100,24039,2760,63
1784971310.0434,17:21:50,3113106301248,370066,100,24039,2760,63
1784971310.2434,17:21:50,3113106368334,370066,100,24039,2760,63
1784971310.4434,17:21:50,3113106435454,366143,100,24039,2760,62
1784971310.6434,17:21:50,3113106502445,366143,100,24039,2760,62
1784971310.8434,17:21:50,3113106569432,366143,100,24039,2760,62
1784971311.0434,17:21:51,3113106636493,358367,100,24039,2760,62
1784971311.2434,17:21:51,3113106703435,358367,100,24039,2760,62
1784971311.4434,17:21:51,3113106770183,352916,100,24039,2760,62
1784971311.6434,17:21:51,3113106836763,352916,100,24039,2760,62
1784971311.8434,17:21:51,3113106903414,352916,100,24039,2760,62
1784971312.0434,17:21:52,3113106969481,352227,100,24039,2760,62
1784971312.2434,17:21:52,3113107033406,352227,100,24039,2760,62
1784971312.4434,17:21:52,3113107097348,347140,100,24039,2760,61
1784971312.6434,17:21:52,3113107159977,347140,100,24039,2760,61
1784971312.8434,17:21:52,3113107222337,347140,100,24039,2760,61
1784971313.0434,17:21:53,3113107283820,338194,100,24039,2760,61
1784971313.2434,17:21:53,3113107343878,338194,100,24039,2760,61
1784971313.4434,17:21:53,3113107405192,329328,100,24039,2760,60
1784971313.6434,17:21:53,3113107466256,329328,100,24039,2760,60
1784971313.8434,17:21:53,3113107527440,329328,100,24039,2760,60
1784971314.0434,17:21:54,3113107588606,325217,100,24039,2760,60
1784971314.2434,17:21:54,3113107655212,325217,100,24039,2760,60
1784971314.4434,17:21:54,3113107722142,332293,100,24039,2760,62
1784971314.6434,17:21:54,3113107774160,332293,100,24039,2760,62
1784971314.8434,17:21:54,3113107794243,332293,100,24039,2760,62
1784971315.0434,17:21:55,3113107813913,285942,100,24039,2760,54
1784971315.2434,17:21:55,3113107833447,285942,100,24039,2760,54
1784971315.4434,17:21:55,3113107852884,180346,0,24039,2760,52
1784971315.6434,17:21:55,3113107872288,180346,0,24039,2760,52
1784971315.8434,17:21:55,3113107891290,180346,0,24039,2760,52
1784971316.0434,17:21:56,3113107910306,134513,0,24039,2760,52
1784971316.2434,17:21:56,3113107929293,134513,0,24039,2760,52
1784971316.4434,17:21:56,3113107946840,134513,0,24039,2760,52
1784971316.6434,17:21:56,3113107963119,134513,0,24039,2760,52
1784971316.8434,17:21:56,3113107978876,134513,0,24039,2760,52
1784971317.0434,17:21:57,3113107994608,99331,0,24039,2520,50
1784971317.2434,17:21:57,3113108010162,99331,0,24039,2520,50
1784971317.4434,17:21:57,3113108025508,99331,0,24039,2520,50
1784971317.6434,17:21:57,3113108040796,99331,0,24039,2520,50
1784971317.8434,17:21:57,3113108055981,99331,0,24039,2520,50
1784971318.0434,17:21:58,3113108071041,91420,0,24039,2520,49
1784971318.2434,17:21:58,3113108086010,91420,0,24039,2520,49
